tag,model,n_train,n_test,n_train_groups,n_test_groups,rmse,r2,repeat,feature_set,target
random,lgbm,254127,63532,223235,61302,381.84004404384905,0.8432523467186828,0,photometry,teff
grouped,lgbm,254032,63627,217091,54273,389.1030124407718,0.8398544035593224,0,photometry,teff
random,lgbm,254127,63532,223231,61342,381.33174529557544,0.8452811648971374,1,photometry,teff
grouped,lgbm,254162,63497,217091,54273,394.3974703979396,0.8349698879910299,1,photometry,teff
random,lgbm,254127,63532,223218,61333,380.1867187433451,0.8491731974866339,2,photometry,teff
grouped,lgbm,254025,63634,217091,54273,391.59761343216064,0.839282268129853,2,photometry,teff
random,lgbm,254127,63532,223153,61263,386.8747743986957,0.8440370066492049,3,photometry,teff
grouped,lgbm,254063,63596,217091,54273,393.4267445523227,0.8362096980233398,3,photometry,teff
random,lgbm,254127,63532,223118,61356,382.40195721002874,0.8460638675356552,4,photometry,teff
grouped,lgbm,254033,63626,217091,54273,388.3509330974011,0.839376240345105,4,photometry,teff
random,lgbm,254127,63532,223235,61302,0.43911237770746914,0.5039377101913536,0,photometry,logg
grouped,lgbm,254032,63627,217091,54273,0.4431447847708914,0.48961861932119755,0,photometry,logg
random,lgbm,254127,63532,223231,61342,0.4308624060943317,0.5014257699506115,1,photometry,logg
grouped,lgbm,254162,63497,217091,54273,0.44507541371509746,0.4847503808367333,1,photometry,logg
random,lgbm,254127,63532,223218,61333,0.4352695008914019,0.5098490790618508,2,photometry,logg
grouped,lgbm,254025,63634,217091,54273,0.4402537798941712,0.48802206842536344,2,photometry,logg
random,lgbm,254127,63532,223153,61263,0.43869101621845163,0.4940404041038988,3,photometry,logg
grouped,lgbm,254063,63596,217091,54273,0.442809137317361,0.4867985743840971,3,photometry,logg
random,lgbm,254127,63532,223118,61356,0.4311709776895399,0.5060451653493049,4,photometry,logg
grouped,lgbm,254033,63626,217091,54273,0.44766917063843026,0.4799541298516099,4,photometry,logg
random,lgbm,254127,63532,223235,61302,0.2865283058563117,0.3272963108791085,0,photometry,feh
grouped,lgbm,254032,63627,217091,54273,0.2874040543270408,0.32004666571039897,0,photometry,feh
random,lgbm,254127,63532,223231,61342,0.28414942202332294,0.33626247423906164,1,photometry,feh
grouped,lgbm,254162,63497,217091,54273,0.2887973810295285,0.32240058865360455,1,photometry,feh
random,lgbm,254127,63532,223218,61333,0.2866950897959503,0.3256956041858594,2,photometry,feh
grouped,lgbm,254025,63634,217091,54273,0.28884992141419624,0.32243573532687575,2,photometry,feh
random,lgbm,254127,63532,223153,61263,0.28492151886466044,0.33780700436245215,3,photometry,feh
grouped,lgbm,254063,63596,217091,54273,0.287874580189804,0.31845446928681986,3,photometry,feh
random,lgbm,254127,63532,223118,61356,0.2840024073174727,0.3373317479719453,4,photometry,feh
grouped,lgbm,254033,63626,217091,54273,0.28969131029664386,0.3163412170290534,4,photometry,feh
random,lgbm,943962,235990,828416,227780,871.3442865670844,0.2779488891909103,0,obs,teff
grouped,lgbm,943950,236002,805386,201347,873.6010910148584,0.27720778055649686,0,obs,teff
random,lgbm,943962,235990,828261,227650,869.5412891067747,0.27798938097904835,1,obs,teff
grouped,lgbm,944053,235899,805386,201347,869.9817834140966,0.2776555317732985,1,obs,teff
random,lgbm,943962,235990,828355,227819,866.3194727570996,0.2772861223315648,2,obs,teff
grouped,lgbm,943914,236038,805386,201347,869.330585146408,0.27377265308480747,2,obs,teff
random,lgbm,943962,235990,828626,227634,868.2264102442668,0.2781961228670766,3,obs,teff
grouped,lgbm,944216,235736,805386,201347,864.4360617830192,0.27684803750946063,3,obs,teff
random,lgbm,943962,235990,828624,227541,867.3569137297903,0.27836197857727407,4,obs,teff
grouped,lgbm,944044,235908,805386,201347,867.2194994920592,0.2755952238269057,4,obs,teff
random,lgbm,943962,235990,828416,227780,0.6320533603048397,0.16770021569754046,0,obs,logg
grouped,lgbm,943950,236002,805386,201347,0.6326258694422107,0.1642488272770316,0,obs,logg
random,lgbm,943962,235990,828261,227650,0.633292167360243,0.16784416712440953,1,obs,logg
grouped,lgbm,944053,235899,805386,201347,0.6335966311709267,0.16603420255085255,1,obs,logg
random,lgbm,943962,235990,828355,227819,0.6307257090456584,0.16705673279881295,2,obs,logg
grouped,lgbm,943914,236038,805386,201347,0.6324826164831225,0.16550611343575128,2,obs,logg
random,lgbm,943962,235990,828626,227634,0.6313316509090071,0.16767265741427717,3,obs,logg
grouped,lgbm,944216,235736,805386,201347,0.6339983786949491,0.16566523413140766,3,obs,logg
random,lgbm,943962,235990,828624,227541,0.6322030918938455,0.16937263484883036,4,obs,logg
grouped,lgbm,944044,235908,805386,201347,0.629942251292281,0.16905791081639754,4,obs,logg
random,lgbm,943962,235990,828416,227780,0.3350885794964373,0.04205927914101715,0,obs,feh
grouped,lgbm,943950,236002,805386,201347,0.33494441552019166,0.04079498571488194,0,obs,feh
random,lgbm,943962,235990,828261,227650,0.3344064202821589,0.04020251032070343,1,obs,feh
grouped,lgbm,944053,235899,805386,201347,0.3360618408154528,0.04192578946019132,1,obs,feh
random,lgbm,943962,235990,828355,227819,0.33484376941710126,0.042328208650845744,2,obs,feh
grouped,lgbm,943914,236038,805386,201347,0.335751586870031,0.041715256136378165,2,obs,feh
random,lgbm,943962,235990,828626,227634,0.33426875526540933,0.04248665502134297,3,obs,feh
grouped,lgbm,944216,235736,805386,201347,0.3365377688315523,0.04016145528882109,3,obs,feh
random,lgbm,943962,235990,828624,227541,0.33511739234315635,0.039735983333273994,4,obs,feh
grouped,lgbm,944044,235908,805386,201347,0.33523488900076087,0.040163537555463535,4,obs,feh
random,lgbm,254119,63530,223073,61333,382.7198421622117,0.8446877090425209,0,all,teff
grouped,lgbm,254164,63485,217084,54271,392.3710089143883,0.8364641714669663,0,all,teff
random,lgbm,254119,63530,223123,61266,387.71618162285205,0.8410788348476501,1,all,teff
grouped,lgbm,254311,63338,217084,54271,390.8307348059406,0.8401267931585388,1,all,teff
random,lgbm,254119,63530,223301,61296,384.02124566303786,0.842709085866445,2,all,teff
grouped,lgbm,254097,63552,217084,54271,389.21270718455463,0.8384330541151673,2,all,teff
random,lgbm,254119,63530,223095,61319,387.3273045207122,0.8417255378043706,3,all,teff
grouped,lgbm,254222,63427,217084,54271,398.0517462843712,0.8365647336177227,3,all,teff
random,lgbm,254119,63530,223231,61354,386.18734940283895,0.8443800218904405,4,all,teff
grouped,lgbm,254133,63516,217084,54271,390.4611122536215,0.8378600350383955,4,all,teff
random,lgbm,254119,63530,223073,61333,0.43750207412329994,0.5045117863528816,0,all,logg
grouped,lgbm,254164,63485,217084,54271,0.4416866065559532,0.48956833649997533,0,all,logg
random,lgbm,254119,63530,223123,61266,0.4417979145738998,0.49609795700860415,1,all,logg
grouped,lgbm,254311,63338,217084,54271,0.447419343601885,0.4874061029072413,1,all,logg
random,lgbm,254119,63530,223301,61296,0.43435002214520585,0.4999359495138991,2,all,logg
grouped,lgbm,254097,63552,217084,54271,0.4398294790771518,0.4878600262446261,2,all,logg
random,lgbm,254119,63530,223095,61319,0.43943863645050324,0.49746263692172776,3,all,logg
grouped,lgbm,254222,63427,217084,54271,0.4496749903028347,0.48336666247961424,3,all,logg
random,lgbm,254119,63530,223231,61354,0.43697974071240514,0.49439369000005584,4,all,logg
grouped,lgbm,254133,63516,217084,54271,0.4416190728475984,0.48606211607452554,4,all,logg
random,lgbm,254119,63530,223073,61333,0.2846121721121183,0.33634102885365846,0,all,feh
grouped,lgbm,254164,63485,217084,54271,0.2896821676098226,0.3163889083290151,0,all,feh
random,lgbm,254119,63530,223123,61266,0.28494650468874994,0.3401287989968651,1,all,feh
grouped,lgbm,254311,63338,217084,54271,0.28644568722884417,0.3185025120901822,1,all,feh
random,lgbm,254119,63530,223301,61296,0.2864584233691571,0.3389732831937339,2,all,feh
grouped,lgbm,254097,63552,217084,54271,0.2858522158438758,0.3306706954487231,2,all,feh
random,lgbm,254119,63530,223095,61319,0.2873043735183847,0.32912013037810617,3,all,feh
grouped,lgbm,254222,63427,217084,54271,0.2888059018177043,0.31852362091273867,3,all,feh
random,lgbm,254119,63530,223231,61354,0.28749548729191865,0.3346127548243991,4,all,feh
grouped,lgbm,254133,63516,217084,54271,0.2884289930723131,0.3219377774994535,4,all,feh
