subset,target,model,param,rmse_random,rmse_grouped,factor,frac_exact_hit_random,frac_exact_hit_grouped,n_samples,n_groups
all,teff,lgbm,min_child_samples=1,338.12181163661586,386.13625109928176,1.1420033781028822,0.36790224402652855,0.0,110070,81591
all,teff,lgbm,min_child_samples=10,338.866278733789,382.5242297753985,1.1288353364776875,0.36790224402652855,0.0,110070,81591
all,teff,lgbm,min_child_samples=40,343.6184011260123,380.98543919901425,1.108745742226123,0.36790224402652855,0.0,110070,81591
all,teff,knn,k=1,463.81553644000843,576.4975394753919,1.2429457277353584,0.36790224402652855,0.0,110070,81591
all,logg,lgbm,min_child_samples=1,0.3973509091817185,0.4547446342113934,1.144440905263985,0.36790224402652855,0.0,110070,81591
all,logg,lgbm,min_child_samples=10,0.40299451993335456,0.45545499866285694,1.1301766553504948,0.36790224402652855,0.0,110070,81591
all,logg,lgbm,min_child_samples=40,0.41112176549519636,0.4531873412400546,1.1023190190239387,0.36790224402652855,0.0,110070,81591
all,logg,knn,k=1,0.5143248022852351,0.6361501891302181,1.2368646938737768,0.36790224402652855,0.0,110070,81591
all,feh,lgbm,min_child_samples=1,0.27610313551834725,0.29967331824943527,1.0853673127863546,0.36790224402652855,0.0,110070,81591
all,feh,lgbm,min_child_samples=10,0.27686328595202897,0.29993704164177404,1.083339889615205,0.36790224402652855,0.0,110070,81591
all,feh,lgbm,min_child_samples=40,0.2802747984539108,0.29976665012750603,1.0695455024180511,0.36790224402652855,0.0,110070,81591
all,feh,knn,k=1,0.3488938916597725,0.41659175659167796,1.1940356840581254,0.36790224402652855,0.0,110070,81591
repeat>=3,teff,lgbm,min_child_samples=1,180.09283717814534,402.21574307882736,2.2333800132259625,0.9721070853854781,0.0,102534,25055
repeat>=3,teff,lgbm,min_child_samples=10,190.18015871260351,409.4932055899014,2.153185739048201,0.9721070853854781,0.0,102534,25055
repeat>=3,teff,lgbm,min_child_samples=40,208.29079456162674,412.81397415280634,1.9819117547735292,0.9721070853854781,0.0,102534,25055
repeat>=3,teff,knn,k=1,183.35281910446602,576.8406412569165,3.1460691145864472,0.9721070853854781,0.0,102534,25055
repeat>=3,logg,lgbm,min_child_samples=1,0.2033478625835306,0.4664704633529319,2.2939531177089045,0.9721070853854781,0.0,102534,25055
repeat>=3,logg,lgbm,min_child_samples=10,0.2252366219740168,0.4654860674525975,2.0666535635856578,0.9721070853854781,0.0,102534,25055
repeat>=3,logg,lgbm,min_child_samples=40,0.24864518410991415,0.4707100726352421,1.89309949565387,0.9721070853854781,0.0,102534,25055
repeat>=3,logg,knn,k=1,0.1909182228546838,0.6594740087668871,3.454222435690917,0.9721070853854781,0.0,102534,25055
repeat>=3,feh,lgbm,min_child_samples=1,0.1661252832105856,0.3049668467118419,1.835764194455918,0.9721070853854781,0.0,102534,25055
repeat>=3,feh,lgbm,min_child_samples=10,0.17636716243279132,0.3055673995745046,1.7325640179245267,0.9721070853854781,0.0,102534,25055
repeat>=3,feh,lgbm,min_child_samples=40,0.18877189316104717,0.30538554036985627,1.6177489945991184,0.9721070853854781,0.0,102534,25055
repeat>=3,feh,knn,k=1,0.12740357317381226,0.4204645932137327,3.300257463266807,0.9721070853854781,0.0,102534,25055
HIP,teff,lgbm,min_child_samples=1,253.5029698424398,847.8079037907617,3.344370696397369,0.8367163642895635,0.0,27833,6830
HIP,teff,lgbm,min_child_samples=10,247.1491398162371,830.4921429506455,3.3602874101368174,0.8367163642895635,0.0,27833,6830
HIP,teff,lgbm,min_child_samples=40,251.71998579101592,808.8563888223152,3.2133181093290206,0.8367163642895635,0.0,27833,6830
HIP,teff,knn,k=1,342.6764593734907,1144.9736008844272,3.341267161968938,0.8367163642895635,0.0,27833,6830
HIP,logg,lgbm,min_child_samples=1,0.24443518307344664,0.4160743859856835,1.7021869796078564,0.8367163642895635,0.0,27833,6830
HIP,logg,lgbm,min_child_samples=10,0.2438269114691929,0.4188363836364739,1.7177610999243338,0.8367163642895635,0.0,27833,6830
HIP,logg,lgbm,min_child_samples=40,0.24952332807763875,0.43209905823811284,1.731698040287704,0.8367163642895635,0.0,27833,6830
HIP,logg,knn,k=1,0.31527681949654207,0.7220130507752232,2.290092408088195,0.8367163642895635,0.0,27833,6830
HIP,feh,lgbm,min_child_samples=1,0.14981845018141457,0.2919311764477401,1.9485662553193,0.8367163642895635,0.0,27833,6830
HIP,feh,lgbm,min_child_samples=10,0.15214546773962767,0.290490594876809,1.9092950923384495,0.8367163642895635,0.0,27833,6830
HIP,feh,lgbm,min_child_samples=40,0.1562195971513516,0.2952019871806092,1.8896604047353038,0.8367163642895635,0.0,27833,6830
HIP,feh,knn,k=1,0.19487772305686074,0.4790925974589821,2.458426699285655,0.8367163642895635,0.0,27833,6830
TD,teff,lgbm,min_child_samples=1,222.71219926684017,520.9378984888758,2.3390631505763175,0.9253100844867878,0.00046040515653775324,55632,9788
TD,teff,lgbm,min_child_samples=10,224.67545950754894,507.4052553559559,2.258391977780321,0.9253100844867878,0.00046040515653775324,55632,9788
TD,teff,lgbm,min_child_samples=40,229.64734582020367,501.2581713174038,2.1827300878532716,0.9253100844867878,0.00046040515653775324,55632,9788
TD,teff,knn,k=1,287.88926453002495,820.536506837214,2.850180982527181,0.9253100844867878,0.00046040515653775324,55632,9788
TD,logg,lgbm,min_child_samples=1,0.20943556372850577,0.5426788673369046,2.5911495529975355,0.9253100844867878,0.00046040515653775324,55632,9788
TD,logg,lgbm,min_child_samples=10,0.21207372720458098,0.5328053656855097,2.512359134290731,0.9253100844867878,0.00046040515653775324,55632,9788
TD,logg,lgbm,min_child_samples=40,0.2170436419106113,0.5242862402146465,2.4155798142687455,0.9253100844867878,0.00046040515653775324,55632,9788
TD,logg,knn,k=1,0.2734879698207375,0.7139953332073323,2.6107010618248885,0.9253100844867878,0.00046040515653775324,55632,9788
TD,feh,lgbm,min_child_samples=1,0.12614434437007366,0.32587870111575123,2.5833794035165822,0.9253100844867878,0.00046040515653775324,55632,9788
TD,feh,lgbm,min_child_samples=10,0.12645290035263299,0.32577264188598315,2.5762370098077385,0.9253100844867878,0.00046040515653775324,55632,9788
TD,feh,lgbm,min_child_samples=40,0.1299706243778212,0.32558130503704147,2.5050376313541833,0.9253100844867878,0.00046040515653775324,55632,9788
TD,feh,knn,k=1,0.1549473839479777,0.4365721230701435,2.817550783669371,0.9253100844867878,0.00046040515653775324,55632,9788
