target,feature_set,n_samples,n_groups,features,rmse_random,rmse_grouped,abs_inflation,rel_inflation_pct,factor,r2_random,r2_grouped
teff,photometry,317659,271364,12,382.5270479382988,391.37515478411916,8.848106845820382,2.2607737710639704,1.0231306698271636,0.8455615166574628,0.8379384996097301
logg,photometry,317659,271364,12,0.4350212557202388,0.44379045726719024,0.008769201546951433,1.975977942597313,1.0201580990161798,0.5030596257314038,0.4858287545638003
feh,photometry,317659,271364,12,0.28525934877154363,0.2885234494514427,0.0032641006798990735,1.1313120947725284,1.011442572150416,0.3328786283276854,0.3199357352013505
teff,obs,1179952,1006733,2,868.5576744810032,868.9138041700883,0.35612968908503717,0.04098561760394423,1.0004100242270013,0.27795649878917483,0.27621584535019383
logg,obs,1179952,1006733,2,0.6319211959027188,0.632529149416698,0.0006079535139792425,0.09611470309943525,1.000962071723375,0.1679292815767741,0.16610245764228812
feh,obs,1179952,1006733,2,0.3347449833608526,0.3357061002075977,0.0009611168467451026,0.2862971051615554,1.002871191188873,0.04136252729343666,0.04095220483114721
teff,all,317649,271355,14,385.59438467433057,392.1854618885753,6.591077214244706,1.6806021269899372,1.0170932914902573,0.8429162378902854,0.8378897574793582
logg,all,317649,271355,14,0.43801367760106275,0.4440458984770846,0.006032220876021843,1.3584678738639766,1.0137717637245016,0.4984804039594337,0.48685264884119644
feh,all,317649,271355,14,0.28616339219606574,0.287842993114512,0.0016796009184462668,0.5835128728591543,1.0058693773006977,0.33583519924935257,0.32120470285602254
