plan_prefix,n_star,mean,std,target
B,42647,5594.3843,882.7942,teff
EG,37663,5553.435,675.8142,teff
F,18636,5487.714,684.3642,teff
GAC,151745,5961.84,1179.2266,teff
GACII,17063,5523.6577,951.6914,teff
HD,297986,5762.5254,981.0946,teff
HIP,12821,5926.4507,1216.3646,teff
IF,129,6171.096,1515.063,teff
K,3355,5386.7827,678.9515,teff
KII,81471,5694.241,995.50366,teff
KP,72457,5726.6226,967.94666,teff
M,22652,5464.645,837.84125,teff
NT,1271,5495.0396,835.80646,teff
S,4444,5357.781,637.89355,teff
TD,28487,5819.076,1121.7965,teff
VB,98730,5684.241,792.4463,teff
kepler,5403,5814.5366,984.1211,teff
B,42647,4.1472797,0.57833654,logg
EG,37663,4.132029,0.5691612,logg
F,18636,4.282355,0.43457264,logg
GAC,151745,3.7944427,0.7422232,logg
GACII,17063,4.1563745,0.5997345,logg
HD,297986,3.9583144,0.68762916,logg
HIP,12821,3.8647363,0.7267289,logg
IF,129,3.4052172,0.8101644,logg
K,3355,4.31494,0.45290008,logg
KII,81471,3.95942,0.7140478,logg
KP,72457,3.937469,0.7084861,logg
M,22652,4.2335544,0.50989604,logg
NT,1271,3.6349654,0.8285944,logg
S,4444,4.3154364,0.4565532,logg
TD,28487,3.885907,0.72476345,logg
VB,98730,3.9376156,0.6869714,logg
kepler,5403,3.7200882,0.74246454,logg
B,42647,-0.28185755,0.36360687,feh
EG,37663,-0.25005078,0.36072305,feh
F,18636,-0.41041324,0.41365635,feh
GAC,151745,-0.1599079,0.26551688,feh
GACII,17063,-0.26563197,0.33092973,feh
HD,297986,-0.1947758,0.31635103,feh
HIP,12821,-0.16971,0.29795977,feh
IF,129,-0.07005426,0.2523087,feh
K,3355,-0.3075385,0.3609148,feh
KII,81471,-0.22302954,0.32995844,feh
KP,72457,-0.18690671,0.3173421,feh
M,22652,-0.26249453,0.32662135,feh
NT,1271,-0.12648465,0.29899862,feh
S,4444,-0.39830735,0.41585597,feh
TD,28487,-0.17222257,0.30017138,feh
VB,98730,-0.18093918,0.30074474,feh
kepler,5403,-0.076714784,0.25829145,feh
