plan_a,plan_b,n_common,n_targets
GAC,HD,111421,3
HD,VB,74242,3
B,HD,35864,3
KII,KP,32410,3
HD,KII,29596,3
HD,KP,25466,3
GAC,KII,21763,3
GAC,KP,13787,3
F,HD,12518,3
KP,TD,12305,3
HD,M,10815,3
HD,TD,9702,3
KII,TD,9628,3
EG,VB,9609,3
GACII,HD,8691,3
KII,VB,6671,3
GACII,M,6248,3
EG,KII,6080,3
GAC,TD,5680,3
KP,VB,5505,3
KP,kepler,5322,3
EG,HIP,5274,3
EG,KP,4799,3
GAC,VB,4704,3
EG,S,4236,3
EG,M,3893,3
B,VB,3733,3
HD,HIP,3557,3
M,VB,3114,3
EG,F,2983,3
B,GAC,2843,3
GAC,HIP,2525,3
TD,VB,2405,3
HIP,TD,2315,3
EG,HD,2100,3
GACII,VB,1635,3
K,KII,1580,3
B,EG,1554,3
HD,K,1436,3
HD,NT,1259,3
EG,TD,1255,3
B,F,1159,3
F,KII,1117,3
F,GAC,1053,3
GAC,GACII,879,3
K,KP,858,3
HIP,KII,798,3
HIP,VB,759,3
F,KP,675,3
HIP,KP,672,3
B,GACII,501,3
B,TD,397,3
TD,kepler,396,3
F,VB,362,3
F,S,265,3
EG,GACII,254,3
F,K,229,3
K,TD,194,3
B,KII,177,3
B,M,152,3
GAC,K,132,3
F,TD,130,3
IF,KP,125,3
K,VB,106,3
GAC,M,87,3
GACII,KP,59,3
B,KP,44,3
F,HIP,31,3
