,n_groups,n_obs,dof,pooled_sigma,chi2_red,err_median,ratio_sigma_over_err,n_obs_bin,value,n_stars
0,870522,1741044,870522,106.98657657033974,4.113307382267059,44.415000915527344,2.408793749071782,2,teff,870522
1,242212,726636,484424,93.74568682031835,3.307672958393967,36.43000030517578,2.573310075075664,3,teff,242212
2,103559,441185,337626,93.07348195876152,4.000212639413204,36.224998474121094,2.5693163803789423,4-5,teff,103559
3,20364,143357,122993,125.30525787153465,6.486456159061378,35.540000915527344,3.525752803703195,6-10,teff,20364
4,12597,187028,174431,127.74701433850845,12.962557295558769,31.84000015258789,4.0121549537155206,11-20,teff,12597
5,2540,67136,64596,158.23306304931248,38.36195066237849,31.275001525878906,5.05941024234261,>20,teff,2540
6,868556,1737112,868556,0.12373873016548972,1.8712185336776692,0.06549999862909317,1.8891409580965797,2,logg,868556
7,241899,725697,483798,0.11081477331377615,1.7464459550150555,0.050999999046325684,2.1728387330579735,3,logg,241899
8,103438,440670,337232,0.10583220823034599,1.6375126357514063,0.050999999046325684,2.07514137665402,4-5,logg,103438
9,20347,143237,122890,0.1251423865582177,2.0843507022867187,0.04999999701976776,2.502847880345713,6-10,logg,20347
10,12596,187008,174412,0.12197483238131483,2.3041208539824014,0.04399999976158142,2.7721552964147307,11-20,logg,12596
11,2539,67105,64566,0.11228236879359105,2.624939912641975,0.0430000014603138,2.6112177902417137,>20,logg,2539
12,870656,1741312,870656,0.08024911111238332,2.0332065145925866,0.0430000014603138,1.866258334582803,2,feh,870656
13,242252,726756,484504,0.07194710282051103,1.8500662063392928,0.03200000151991844,2.2483468563502242,3,feh,242252
14,103564,441207,337643,0.07017563181612757,2.033413907088486,0.03200000151991844,2.1929883900926272,4-5,feh,103564
15,20365,143366,123001,0.08192677193880951,2.706999682094004,0.03099999949336052,2.6427991379921254,6-10,feh,20365
16,12597,187031,174434,0.0784578337347052,7.461780605644231,0.026000000536441803,3.017608927535909,11-20,feh,12597
17,2540,67136,64596,0.07635528979226347,21.288586640071788,0.02500000037252903,3.05421154617924,>20,feh,2540
