,n_groups,n_obs,dof,pooled_sigma,chi2_red,err_median,ratio_sigma_over_err,value,epoch
0,222892,495008,272116,91.96113292469646,2.474612494764105,48.73250198364258,1.887059543045089,teff,2011-12
1,193908,425067,231159,86.53626581154454,3.798082639254236,36.442501068115234,2.3745973321040257,teff,2013-14
2,107867,261632,153765,120.70017007972245,22.759681546749153,42.91999816894531,2.81221284317423,teff,2015-16
3,48694,144429,95735,113.18667634763413,3.9105400135037724,46.44999694824219,2.4367423850157532,teff,2017-18
4,94377,354959,260582,121.63120556465459,6.6851679159770105,39.125,3.1087848067643344,teff,2019-22
5,222834,494876,272042,0.11980526059234624,1.687688432069992,0.07349999994039536,1.630003546795946,logg,2011-12
6,193643,424508,230865,0.10373159017990219,1.704787591338808,0.051500000059604645,2.014205632230023,logg,2013-14
7,107300,260460,153160,0.11377559105926632,1.7839647077969072,0.06149999797344208,1.8500096716815948,logg,2015-16
8,48360,143716,95356,0.11907717959653825,1.4584021488558236,0.06599999964237213,1.804199700632884,logg,2017-18
9,94344,354867,260523,0.12665792050152466,2.1352325293279573,0.054999999701976776,2.302871294324251,logg,2019-22
10,222897,495018,272121,0.07430076851363565,1.5609756052352386,0.049000002443790436,1.5163421389390457,feh,2011-12
11,193925,425101,231176,0.06672206263165947,2.220570781970332,0.032999999821186066,2.021880696763634,feh,2013-14
12,107912,261725,153813,0.08053732996487105,13.714957141790745,0.04050000011920929,1.9885760426620818,feh,2015-16
13,48722,144489,95767,0.08057557167975765,1.7215174071665924,0.04350000247359276,1.8523118873078708,feh,2017-18
14,94380,354970,260590,0.07996302324275933,2.9054363739056486,0.03449999913573265,2.3177688477081526,feh,2019-22
