,n_groups,n_obs,dof,pooled_sigma,chi2_red,err_median,err_median_of_medians,ratio_sigma_over_err,snr_lo,snr_hi,value,param
0,156489,365029,208540,159.21221678124311,2.404311226341044,96.75499725341797,96.75499725341797,1.645519314772331,-0.001,30.525,teff,teff
1,156511,382827,226316,118.20378745095174,2.5919793378541267,69.55999755859375,69.55999755859375,1.6993069522663937,30.525,42.795,teff,teff
2,156424,390980,234556,107.48883004483247,3.048195407153319,54.244998931884766,54.244998931884766,1.9815435922453566,42.795,55.245,teff,teff
3,156515,399247,242732,99.08425358599769,3.4957791793373696,43.54999923706055,43.54999923706055,2.2751838191004636,55.245,69.21,teff,teff
4,156457,404994,248537,94.026915208515,4.208157773132336,36.46500015258789,36.46500015258789,2.578552442480711,69.21,86.345,teff,teff
5,156466,418274,261808,88.85427661965272,4.057221234618918,32.060001373291016,32.060001373291016,2.7714994639294264,86.345,110.53,teff,teff
6,156466,442019,285553,92.25046901877718,5.1250309649476495,29.049999237060547,29.049999237060547,3.1755756090034115,110.53,157.85,teff,teff
7,156466,503016,346550,97.66224029968663,16.873265966133513,24.760000228881836,24.760000228881836,3.9443553875967416,157.85,999.0,teff,teff
8,156196,364713,208517,0.19441020411377477,1.4169347279246585,0.1574999988079071,0.1574999988079071,1.2343505116522873,-0.001,30.675,logg,logg
9,156168,382219,226051,0.14372616986043515,1.5879469275442704,0.10950000584125519,0.10950000584125519,1.3125676912638569,30.675,42.935,logg,logg
10,156200,390362,234162,0.12608157947052798,1.8652407167718037,0.0820000022649765,0.0820000022649765,1.5375801949749386,42.935,55.36,logg,logg
11,156176,398440,242264,0.11141763377447084,1.9558062824936062,0.06300000101327896,0.06300000101327896,1.7685338409913127,55.36,69.33,logg,logg
12,156137,404333,248196,0.10309840337335678,1.9842967632397621,0.051500000059604645,0.051500000059604645,2.001910742796769,69.33,86.46,logg,logg
13,156185,417471,261286,0.09389983328674173,1.9866492269046103,0.04500000178813934,0.04500000178813934,2.086662879011061,86.46,110.65,logg,logg
14,156146,441150,285004,0.08561890426461682,1.8668632235606886,0.04050000011920929,0.04050000011920929,2.114047012656859,110.65,158.0,logg,logg
15,156167,502141,345974,0.07676357701007548,2.142523153786118,0.032999999821186066,0.032999999821186066,2.3261690129099066,158.0,999.0,logg,logg
16,156504,365050,208546,0.13380768948061453,1.4874790693172342,0.10400000214576721,0.10400000214576721,1.2866123723061913,-0.001,30.515,feh,feh
17,156510,382787,226277,0.09407398497634953,1.5140965223689271,0.0729999989271164,0.0729999989271164,1.2886847446432639,30.515,42.785,feh,feh
18,156494,391169,234675,0.07982299692635711,1.6720954443506508,0.054999999701976776,0.054999999701976776,1.4513272247070241,42.785,55.235,feh,feh
19,156498,399213,242715,0.06983431615656482,1.810071699161441,0.04200000315904617,0.04200000315904617,1.6627216881892914,55.235,69.2,feh,feh
20,156478,405058,248580,0.06478931448633088,2.0837394126700395,0.032999999821186066,0.032999999821186066,1.9633125708302583,69.2,86.336,feh,feh
21,156498,418325,261827,0.05902016561221894,2.06378957250557,0.02800000086426735,0.02800000086426735,2.107862992516492,86.336,110.52,feh,feh
22,156504,442102,285598,0.053104018461028794,2.037418300479163,0.024000000208616257,0.024000000208616257,2.212667416642933,110.52,157.84,feh,feh
23,156488,503104,346616,0.0503105177754849,9.34205980644758,0.01850000023841858,0.01850000023841858,2.719487412276139,157.84,999.0,feh,feh
