,n_groups,n_obs,dof,pooled_sigma,chi2_red,err_median,err_median_of_medians,ratio_sigma_over_err,value,subclass
0,11655,34359,22704,245.15017512000563,172.34490309911214,32.279998779296875,32.279998779296875,7.5944914619152755,teff,A1
1,5232,13652,8420,256.70690266281946,34.35817065310487,32.91999816894531,32.91999816894531,7.797901486670824,teff,A2
2,922,2295,1373,375.62831044706,96.7416548222027,46.40999984741211,46.40999984741211,8.0936934212898,teff,A3
3,7543,21936,14393,160.2459958693729,12.576792995401293,37.51499938964844,37.51499938964844,4.2715180188324835,teff,A5
4,5281,13723,8442,119.42440112970245,6.710119900893069,32.81999969482422,32.81999969482422,3.6387691115224454,teff,A6
5,11369,29526,18157,93.30875228305045,3.344893256899836,36.154998779296875,36.154998779296875,2.5807981035386187,teff,A7
6,436,1222,786,79.88414196489103,1.1800007880756778,51.287498474121094,51.287498474121094,1.5575753222824735,teff,A9
7,63595,167413,103818,65.33368167965837,1.550823210760621,34.849998474121094,34.849998474121094,1.8747111776252685,teff,F0
8,24458,60915,36457,54.39755432356032,1.0331920406945208,34.69000244140625,34.69000244140625,1.5681046553813727,teff,F2
9,3809,9456,5647,59.30007511119629,0.9214217297427335,35.25,35.25,1.6822716343601785,teff,F3
10,2773,7003,4230,59.33223134989746,0.9359155576960629,31.575000762939453,31.575000762939453,1.8790888334526192,teff,F4
11,70738,184907,114169,54.60726342308747,1.0509042001775872,32.650001525878906,32.650001525878906,1.672504161441,teff,F5
12,16375,40597,24222,58.17887865961646,0.8758347406946082,37.349998474121094,37.349998474121094,1.557667497628606,teff,F6
13,29294,72866,43572,47.40875607755524,0.8435209180255371,32.439998626708984,32.439998626708984,1.4614290408299202,teff,F7
14,4819,11607,6788,39.83358235596466,0.7016212764565823,29.889999389648438,29.889999389648438,1.3326725717418348,teff,F8
15,42519,104761,62242,53.67998184444326,1.092186484021203,37.08000183105469,37.08000183105469,1.4476801292789043,teff,F9
16,30655,76007,45352,53.941630243403225,0.9382289620380769,36.88999938964844,36.88999938964844,1.4622290901566017,teff,G0
17,5300,12648,7348,48.70291412053295,0.9065379540212265,33.5,33.5,1.4538183319562075,teff,G1
18,66263,166467,100204,55.456278890350106,1.0670918206545597,36.51000213623047,36.51000213623047,1.5189338714203586,teff,G2
19,93606,236139,142533,54.136238114697605,1.100209377401762,37.65999984741211,37.65999984741211,1.4374996902294914,teff,G3
20,12262,28361,16099,48.354081624852064,1.0278038523355955,36.279998779296875,36.279998779296875,1.3328027357168835,teff,G4
21,115038,296580,181542,52.80145483982284,1.3285414234303448,36.09000015258789,36.09000015258789,1.4630494490601056,teff,G5
22,12369,29177,16808,49.64448067703807,1.11729359240865,36.154998779296875,36.154998779296875,1.3731014341913228,teff,G6
23,41974,101491,59517,56.09671325123906,0.9156536084811748,43.30999755859375,43.30999755859375,1.2952370448727517,teff,G7
24,36552,88162,51610,50.35280219111455,0.8305127600360188,43.48500061035156,43.48500061035156,1.1579349542225397,teff,G8
25,12024,28333,16309,45.32602132824496,0.7840914906095539,42.01499938964844,42.01499938964844,1.078805711928971,teff,G9
26,6076,14255,8179,46.82483393592723,0.9295707702088093,41.459999084472656,41.459999084472656,1.129397852627155,teff,K0
27,22114,53944,31830,51.23719873761738,1.0418558549596457,39.849998474121094,39.849998474121094,1.2857515859352222,teff,K1
28,384,877,493,46.222994795229546,0.9235968343229604,44.67250061035156,44.67250061035156,1.0347080231393786,teff,K2
29,30306,75362,45056,50.240303905217175,0.7909164214704432,50.41999816894531,50.41999816894531,0.9964360517601364,teff,K3
30,9509,23004,13495,40.291228221009646,0.5613296187936231,44.93000030517578,44.93000030517578,0.8967555741674063,teff,K4
31,47636,118540,70904,40.91564945242856,0.4374236251494907,55.00499725341797,55.00499725341797,0.7438533132530262,teff,K5
32,26543,66260,39717,44.6603235964755,0.5423848013877933,53.51499938964844,53.51499938964844,0.8345384304557103,teff,K7
33,11655,34359,22704,0.10988583304147606,5.439252957012169,0.045499999076128006,0.045499999076128006,2.4150733026965856,logg,A1
34,5231,13650,8419,0.1151045784938773,4.780296745757434,0.04600000008940697,0.04600000008940697,2.502273440655579,logg,A2
35,917,2285,1368,0.10379033000571174,4.011373080986871,0.06499999761581421,0.06499999761581421,1.5967743663495153,logg,A3
36,7543,21936,14393,0.112437049112251,3.5036000898800954,0.05250000208616257,0.05250000208616257,2.141657993226748,logg,A5
37,5279,13719,8440,0.08343139226306091,1.9756294958594829,0.04600000008940697,0.04600000008940697,1.8137259152369822,logg,A6
38,11361,29508,18147,0.07204163559885719,1.0711496850374798,0.05049999803304672,0.05049999803304672,1.4265670971257034,logg,A7
39,431,1212,781,0.08001920232207468,0.589955619086872,0.07000000029802322,0.07000000029802322,1.143131456877071,logg,A9
40,63488,167179,103691,0.07259305954702215,0.8026147583348475,0.04899999871850014,0.04899999871850014,1.4814910499092393,logg,F0
41,24453,60904,36451,0.09632104201742787,1.3344411162553567,0.04899999871850014,0.04899999871850014,1.965735602786077,logg,F2
42,3776,9387,5611,0.06877177401253723,0.5435026996727552,0.049000002443790436,0.049000002443790436,1.4035055220951809,logg,F3
43,2763,6983,4220,0.07378425050126221,0.6563901632822974,0.04399999976158142,0.04399999976158142,1.676914793206133,logg,F4
44,70530,184464,113934,0.0762189299778432,0.8031475258638202,0.04600000008940697,0.04600000008940697,1.656933257167431,logg,F5
45,16324,40489,24165,0.08685066593806613,0.8116604775682824,0.05250000208616257,0.05250000208616257,1.6542983330843977,logg,F6
46,29282,72840,43558,0.07428626217712073,0.9045203904907976,0.045500002801418304,0.045500002801418304,1.632665002271277,logg,F7
47,4816,11600,6784,0.06217788871836772,0.7852567603621518,0.041999999433755875,0.041999999433755875,1.480425941825005,logg,F8
48,42492,104701,62209,0.09711810517831579,1.4790120506180504,0.052000001072883606,0.052000001072883606,1.8676558302795858,logg,F9
49,30618,75922,45304,0.1015735752753874,1.4100389884290905,0.052000001072883606,0.052000001072883606,1.9533379457631375,logg,G0
50,5294,12636,7342,0.08327163935923027,1.0422845395288722,0.04699999839067459,0.04699999839067459,1.7717370683091862,logg,G1
51,66201,166330,100129,0.1034728515310208,1.5333049664163096,0.051500000059604645,0.051500000059604645,2.0091815808012474,logg,G2
52,93532,235976,142444,0.10121028086493734,1.6355657255766556,0.05299999937415123,0.05299999937415123,1.9096279633976538,logg,G3
53,12257,28350,16093,0.0869271800029572,1.4087978609647005,0.050999999046325684,0.050999999046325684,1.7044545417343473,logg,G4
54,115029,296559,181530,0.11727807945513656,2.9503310486025467,0.051500000059604645,0.051500000059604645,2.2772442586291692,logg,G5
55,12363,29165,16802,0.10499966706983954,2.2578216590943927,0.050999999046325684,0.050999999046325684,2.0588170398682446,logg,G6
56,41932,101404,59472,0.10935609379152388,1.5189018422053029,0.0625,0.0625,1.749697500664382,logg,G7
57,36529,88113,51584,0.08734077689315128,1.0705100119758721,0.06300000101327896,0.06300000101327896,1.3863615156885767,logg,G8
58,12022,28328,16306,0.07919225925765642,1.0892739881914975,0.060499999672174454,0.060499999672174454,1.308962970029222,logg,G9
59,6073,14249,8176,0.0736225212081298,0.9191406052732801,0.05900000035762787,0.05900000035762787,1.24783933494691,logg,K0
60,22104,53919,31815,0.08393330021822346,1.1293362931361293,0.05650000274181366,0.05650000274181366,1.4855450645156763,logg,K1
61,384,877,493,0.08807205816401716,1.362423134824829,0.06350000202655792,0.06350000202655792,1.3869615016261312,logg,K2
62,30287,75322,45035,0.0785924897184433,0.742985873317193,0.07599999755620956,0.07599999755620956,1.0341117400736275,logg,K3
63,9503,22991,13488,0.07685024948702099,0.9346199583299231,0.06499999761581421,0.06499999761581421,1.1823115739364838,logg,K4
64,47616,118495,70879,0.07362141536271893,0.6539094474849843,0.08749999850988388,0.08749999850988388,0.841387618474105,logg,K5
65,26533,66236,39703,0.08633778610896248,0.9371124032950369,0.085999995470047,0.085999995470047,1.0039277983338166,logg,K7
66,11655,34359,22704,0.12960302171042148,100.16132770282175,0.027000000700354576,0.027000000700354576,4.800111790690416,feh,A1
67,5232,13652,8420,0.13466484355481967,18.06130741843242,0.027499999850988388,0.027499999850988388,4.896903428527823,feh,A2
68,922,2295,1373,0.18476998462062416,33.12425176161451,0.041999999433755875,0.041999999433755875,4.399285407421278,feh,A3
69,7543,21936,14393,0.08490789963005757,4.982405796399527,0.032499998807907104,0.032499998807907104,2.6125508536757196,feh,A5
70,5281,13723,8442,0.07769578113102563,4.415876391256528,0.027499999850988388,0.027499999850988388,2.825301147346484,feh,A6
71,11371,29530,18159,0.06931400051883203,2.42467818165944,0.03099999949336052,0.03099999949336052,2.235935537149847,feh,A7
72,436,1222,786,0.09786253574704494,1.5559065872799367,0.04399999976158142,0.04399999976158142,2.2241485517573474,feh,A9
73,63604,167431,103827,0.0659611768276701,1.556332724860692,0.030500002205371857,0.030500002205371857,2.162661378957297,feh,F0
74,24459,60917,36458,0.05909638412317347,1.385667371431402,0.03099999949336052,0.03099999949336052,1.9063350028709047,feh,F2
75,3811,9461,5650,0.07074314899690158,1.272069274656693,0.03099999949336052,0.03099999949336052,2.2820371017119894,feh,F3
76,2773,7003,4230,0.06119113853923096,1.2373795493094353,0.026999998837709427,0.026999998837709427,2.2663385619768484,feh,F4
77,70751,184933,114182,0.055750340579367924,1.2475512149776269,0.02850000001490116,0.02850000001490116,1.9561523000076837,feh,F5
78,16379,40605,24226,0.060496211100863076,1.0654772530922407,0.03400000184774399,0.03400000184774399,1.7793002297991698,feh,F6
79,29294,72866,43572,0.0477938971713264,1.0556662544556448,0.02850000001490116,0.02850000001490116,1.6769788472399112,feh,F7
80,4819,11607,6788,0.03793692888295664,0.8136372469362203,0.025499999523162842,0.025499999523162842,1.4877227291120831,feh,F8
81,42521,104766,62245,0.04908609575314712,1.009829387155682,0.03350000083446503,0.03350000083446503,1.4652565531475155,feh,F9
82,30658,76014,45356,0.05832260061425578,1.1735938302192996,0.03350000083446503,0.03350000083446503,1.7409731092977494,feh,G0
83,5300,12648,7348,0.04505795109370618,0.8575077695122606,0.028999999165534973,0.028999999165534973,1.55372249621494,feh,G1
84,66264,166471,100207,0.05729365366217096,1.190740948662935,0.032999999821186066,0.032999999821186066,1.7361713325037147,feh,G2
85,93613,236153,142540,0.05432756955298303,1.116136495747184,0.03449999913573265,0.03449999913573265,1.5747122004045033,feh,G3
86,12262,28361,16099,0.04640303233070047,0.967093487085902,0.032999999821186066,0.032999999821186066,1.4061525024890948,feh,G4
87,115040,296587,181547,0.057121928380300814,1.666815523731049,0.032499998807907104,0.032499998807907104,1.7575978607852534,feh,G5
88,12369,29177,16808,0.04871420184155568,1.2527037679449937,0.032499998807907104,0.032499998807907104,1.4988985731809852,feh,G6
89,41978,101499,59521,0.058966364256409366,0.9732294012455431,0.04150000214576721,0.04150000214576721,1.4208761736756592,feh,G7
90,36554,88166,51612,0.0527993485303752,0.8236141957472334,0.04150000214576721,0.04150000214576721,1.2722733927800642,feh,G8
91,12025,28335,16310,0.048425973050095765,0.8361549035339282,0.039500001817941666,0.039500001817941666,1.225973944844219,feh,G9
92,6076,14255,8179,0.04432437650257299,0.7567455108420039,0.03800000250339508,0.03800000250339508,1.1664308837509383,feh,K0
93,22114,53945,31831,0.04696349718010958,0.8272573064367367,0.0364999994635582,0.0364999994635582,1.2866711745296928,feh,K1
94,384,877,493,0.04726741514922765,0.9613542714144465,0.04100000113248825,0.04100000113248825,1.1528637522834877,feh,K2
95,30311,75373,45062,0.05905662785445485,0.963377965713165,0.05049999803304672,0.05049999803304672,1.1694382208848553,feh,K3
96,9509,23004,13495,0.0604039159856869,1.4034627276440756,0.041999999433755875,0.041999999433755875,1.4381884952393498,feh,K4
97,47640,118549,70909,0.08076936967692154,1.929891254160018,0.057999998331069946,0.057999998331069946,1.3925753793281455,feh,K5
98,26543,66260,39717,0.11041872935209832,3.764626381140401,0.05650000274181366,0.05650000274181366,1.9543136990041472,feh,K7
