,n_groups,n_obs,dof,pooled_sigma,chi2_red,err_median,ratio_sigma_over_err,value,plan_prefix
0,20867,49505,28638,96.72679316308408,2.228196196854239,62.1349983215332,1.5567199770819486,teff,B
1,68719,165224,96505,90.59582454491604,2.6523374674569316,41.76499938964844,2.169180554743895,teff,EG
2,1810,3653,1843,133.65988181921557,1.690696943013791,74.33499908447266,1.7980747086218085,teff,F
3,268129,603055,334926,120.63670321462854,4.428470104637254,47.06999969482422,2.5629212661306573,teff,GAC
4,7396,14935,7539,148.63786995225635,7.001738451675109,66.53750610351562,2.2338960183000127,teff,GACII
5,465161,1097960,632799,87.69157431892616,2.982977667974857,40.63999938964844,2.15776514852169,teff,HD
6,9605,76735,67130,182.6379792234877,56.809765819073746,35.10499954223633,5.202620185302897,teff,HIP
7,7829,41196,33367,77.89423538773313,1.2375259371418597,55.5,1.4034997367159123,teff,K
8,29877,68305,38428,100.3012806379908,3.9447226198822216,39.099998474121094,2.565250244303121,teff,KII
9,52669,125288,72619,87.42048801776113,4.8456474000251895,34.314998626708984,2.5475882709118816,teff,KP
10,21383,45007,23624,104.8356322090278,8.92676417504861,71.56999969482422,1.4647985560437173,teff,M
11,681,1367,686,152.89450825235696,11.19672743885501,49.21500015258789,3.1066647928135227,teff,S
12,24229,203300,179071,131.72100933495273,8.15129756734517,31.479999542236328,4.184276088003886,teff,TD
13,50274,110574,60300,66.88636905533107,1.7852431895757022,34.400001525878906,1.9443711072225645,teff,VB
14,920,1871,951,96.59462089962136,2.8955071875926537,48.59000015258789,1.98795267742918,teff,kepler
15,20865,49501,28636,0.13677652361645762,1.5535484285175947,0.09749999642372131,1.4028361911117004,logg,B
16,68677,165116,96439,0.12085963162832679,1.5600201104769509,0.06000000238418579,2.0143271137632786,logg,EG
17,1809,3651,1842,0.1570351271536511,1.1877392105961195,0.11749999970197678,1.336469170654893,logg,F
18,266890,600390,333500,0.13358424223151455,2.1677042447822,0.07050000131130219,1.8948119113027453,logg,GAC
19,7275,14688,7413,0.15148357172424107,1.4572197858767748,0.10300000011920929,1.4707142868827017,logg,GACII
20,464673,1096767,632094,0.10555391422158729,1.4834185560970097,0.057999998331069946,1.8198951251528441,logg,HD
21,9504,76504,67000,0.12907529204274515,2.6758824025347017,0.04899999871850014,2.6341897024175283,logg,HIP
22,7828,41183,33355,0.10634861778447494,0.9114585495342509,0.08100000023841858,1.312945894709188,logg,K
23,29863,68267,38404,0.11305046200108573,1.683053402224387,0.054999999701976776,2.055462956612026,logg,KII
24,52641,125224,72583,0.09960162258131756,1.916929119171337,0.04800000041723251,2.075033785740542,logg,KP
25,21148,44507,23359,0.14160328312088194,1.1047928890057215,0.11300000548362732,1.253126338488532,logg,M
26,677,1359,682,0.13705088316661532,1.1788294331753044,0.07050000131130219,1.9439841222335417,logg,S
27,24229,203292,179063,0.12970342697852513,2.425777199546137,0.04349999874830246,2.9816880623148676,logg,TD
28,50274,110574,60300,0.08907933272602629,1.4831165480239132,0.048500001430511475,1.836687218528333,logg,VB
29,920,1871,951,0.1287827818520495,1.843026317215609,0.07199999690055847,1.7886498249425702,logg,kepler
30,20867,49505,28638,0.08879344048081908,1.5860804166989295,0.06450000405311584,1.376642401567875,feh,B
31,68720,165227,96507,0.08062108208943983,1.8034845459077926,0.039500001817941666,2.041039958960715,feh,EG
32,1810,3653,1843,0.10028069440984735,1.0921458272947637,0.07799999415874481,1.28565002461099,feh,F
33,268213,603238,335025,0.08078439426864807,1.8120533320307919,0.04699999839067459,1.718816958186891,feh,GAC
34,7407,14957,7550,0.10362905341448453,2.063329063797248,0.06949999928474426,1.4910655321003987,feh,GACII
35,465209,1098075,632866,0.07250080298827946,1.6841465016490256,0.03799999877810478,1.9079159294619161,feh,HD
36,9617,76762,67145,0.0948840055042373,32.44743024985522,0.029500000178813934,3.2164069467491156,feh,HIP
37,7829,41198,33369,0.07236240326010034,0.9357566390096185,0.054999999701976776,1.315680066403701,feh,K
38,29878,68307,38429,0.06987891286109559,1.6900918547539319,0.035499997437000275,1.9684202227086218,feh,KII
39,52670,125291,72621,0.06344739690789698,2.796626470380482,0.029500000178813934,2.150759204180043,feh,KP
40,21395,45036,23641,0.09556474309169458,4.7105728373112665,0.0754999965429306,1.2657582446027638,feh,M
41,681,1367,686,0.09352869301525206,2.5065970964966526,0.04749999940395355,1.969025140818579,feh,S
42,24229,203302,179073,0.07823071771366169,3.491932559130235,0.02500000037252903,3.129228661917327,feh,TD
43,50274,110574,60300,0.05626385924504766,1.4166367653001397,0.030500000342726707,1.844716675829967,feh,VB
44,920,1871,951,0.08325958655718403,2.403698939643757,0.04749999940395355,1.752833423199035,feh,kepler
