param,trim_frac,n_groups,n_obs,dof,pooled_sigma,chi2_red,err_median,ratio_sigma_over_err
teff,0.0,1251794,3306386,2054592,107.04128810214847,5.87489176722069,41.220001220703125,2.596828843575725
teff,0.0001,1251669,3305884,2054215,102.95607926843026,3.3703823624089253,41.220001220703125,2.49772140270388
teff,0.001,1250542,3302362,2051820,89.47165597989317,2.14333262905764,41.220001220703125,2.170588387439329
teff,0.01,1239276,3266638,2027362,68.23378296898207,1.2327638551740046,41.224998474121094,1.6551555001709868
teff,0.05,1189204,3135330,1946126,55.66652304402216,0.8528181367127826,41.30999755859375,1.3475315016677316
logg,0.0,1249375,3300829,2051454,0.11755677428198424,1.8766693577577018,0.05900000035762787,1.9924876876172055
logg,0.0001,1249250,3300541,2051291,0.11684000163937242,1.8060131508406134,0.05900000035762787,1.980338998833017
logg,0.001,1248126,3297403,2049277,0.11223811316281468,1.6282724764580572,0.05900000035762787,1.9023408895336367
logg,0.01,1236881,3268156,2031275,0.10204093438017532,1.3382274146226878,0.05900000035762787,1.7295073518924626
logg,0.05,1186906,3138770,1951864,0.08988632649876171,1.0021168695936242,0.05950000137090683,1.5106945281973154
feh,0.0,1251974,3306808,2054834,0.07658974707611639,3.0965349750396776,0.039000000804662704,1.9638396280996893
feh,0.0001,1251849,3306288,2054439,0.07584988853157919,1.948313600198837,0.039000000804662704,1.9448688965798904
feh,0.001,1250722,3302742,2052020,0.07398842191825424,1.6936228888496652,0.039000000804662704,1.8971389844024935
feh,0.01,1239454,3270966,2031512,0.06785886408783494,1.3232809819051978,0.039000000804662704,1.7399708381473153
feh,0.05,1189375,3135985,1946610,0.058884062802992236,0.9642234332832068,0.039000000804662704,1.5098477330275404
