param,snr_lo,snr_hi,n_groups,chi2_red_all,chi2_red_trim1pct
teff,-0.001,30.525,156489,2.404311226341044,1.1217852572690505
teff,30.525,42.795,156511,2.5919793378541267,1.1105444944965364
teff,42.795,55.245,156424,3.048195407153319,1.1756317509756193
teff,55.245,69.21,156515,3.4957791793373696,1.1864183760547726
teff,69.21,86.345,156457,4.208157773132336,1.1847268010460175
teff,86.345,110.53,156466,4.057221234618918,1.136501500795985
teff,110.53,157.85,156466,5.1250309649476495,1.0603400199122615
teff,157.85,999.0,156466,16.873265966133513,1.3205679244277344
logg,-0.001,30.675,156196,1.4169347279246585,1.0383355331902087
logg,30.675,42.935,156168,1.5879469275442704,1.1196134289421678
logg,42.935,55.36,156200,1.8652407167718037,1.2918770423914048
logg,55.36,69.33,156176,1.9558062824936062,1.3935769464108794
logg,69.33,86.46,156137,1.9842967632397621,1.4295185249465654
logg,86.46,110.65,156185,1.9866492269046103,1.3835961108452108
logg,110.65,158.0,156146,1.8668632235606886,1.241359932369971
logg,158.0,999.0,156167,2.142523153786118,1.2340713531282395
feh,-0.001,30.515,156504,1.4874790693172342,1.1282812835051679
feh,30.515,42.785,156510,1.5140965223689271,1.0768761949920969
feh,42.785,55.235,156494,1.6720954443506508,1.152774010255664
feh,55.235,69.2,156498,1.810071699161441,1.2233183961532568
feh,69.2,86.336,156478,2.0837394126700395,1.28310614132356
feh,86.336,110.52,156498,2.06378957250557,1.2750277065644107
feh,110.52,157.84,156504,2.037418300479163,1.199053366792178
feh,157.84,999.0,156488,9.34205980644758,1.5753509173633213
