band,param,spearman_uncorrected,spearman_corrected,delta,verdict
CaK,teff,-0.6993382883474912,-0.6986309130393731,-0.0007073753081181522,持平
CaK,logg,0.413215602448146,0.412659257739619,-0.0005563447085270012,持平
CaK,feh,0.6230713630643796,0.629564419709027,0.006493056644647388,改善
Hd,teff,0.42460635919121303,0.4575270390264732,0.03292067983526015,改善
Hd,logg,-0.22446187289412872,-0.24671640903776157,0.022254536143632847,改善
Hd,feh,-0.3212299421698545,-0.33601630969209634,0.014786367522241828,改善
Gband,teff,-0.784705525691161,-0.7890244963711054,0.004318970679944356,改善
Gband,logg,0.5295928458978644,0.5231941144442309,-0.006398731453633455,变差
Gband,feh,0.7024873109989869,0.6850956885633315,-0.017391622435655396,变差
Hg,teff,0.738434750847344,0.7294930725393145,-0.0089416783080295,变差
Hg,logg,-0.4388118669542312,-0.42413514444792155,-0.014676722506309636,变差
Hg,feh,-0.2821621617267378,-0.2780216032924091,-0.0041405584343287005,变差
Hb,teff,0.9117003663627975,0.9174899448257019,0.005789578462904399,改善
Hb,logg,-0.4925643847661133,-0.5018891121715124,0.009324727405399136,改善
Hb,feh,-0.32724066158827064,-0.3465591733488098,0.01931851176053917,改善
Mgb,teff,-0.8548045965717,-0.8550960658417524,0.0002914692700523025,持平
Mgb,logg,0.7211240274619293,0.723823021691225,0.002698994229295759,改善
Mgb,feh,0.6180305482192443,0.6199619959456966,0.0019314477264522623,持平
NaD,teff,-0.7413771470250887,-0.7351004715015279,-0.006276675523560815,变差
NaD,logg,0.6706261000539026,0.6824774138390447,0.011851313785142148,改善
NaD,feh,0.5105694157691041,0.5186523940556022,0.008082978286498066,改善
Ha,teff,0.8848033382600405,0.8887963148458057,0.00399297658576514,改善
Ha,logg,-0.5219991474696034,-0.5291132350692709,0.0071140875996674735,改善
Ha,feh,-0.3311161984620279,-0.33784941369223204,0.006733215230204148,改善
