name,OBSID,PLANID,SPID,FIBERID,MJD,RA,DEC,SNRG,SNRR,CLASS,SUBCLASS,wave_min,wave_max,wave_n,CaK,Hd,Gband,Hg,Hb,Mgb,NaD,Ha,n_ok,contslope,flux_median,flux_p16,flux_p84
20111024/F5902/spec-55859-F5902_sp01-050.fits.gz,101050,F5902,1,50,55858,331.812125,-1.763796,2.24,11.62,STAR,dM0,3699.986328125,9097.0400390625,3908,,,,7.790490379820275,-4.533029624609064,0.8617905058472082,11.84687413166803,0.41615164520894976,5,0.16014000116829466,25.233911514282227,9.027320747375489,38.985349731445304
20111024/F5902/spec-55859-F5902_sp01-001.fits.gz,101001,F5902,1,1,55858,332.202274,-2.056767,12.22,27.16,STAR,G7,3699.986328125,9097.0400390625,3908,54.602528290594904,-2.0387379850742127,6.8040595292773505,-1.1858181163586745,1.4827679722981988,5.437426579985109,4.398702565275123,1.4161085686974024,8,0.9972700197670008,81.00679779052734,55.34888061523438,102.96982360839843
20111024/F5902/spec-55859-F5902_sp01-048.fits.gz,101048,F5902,1,48,55858,331.854516,-1.617455,12.08,23.54,STAR,G0,3699.986328125,9097.0400390625,3908,25.258449533520487,2.405573749023085,7.9456736888626835,0.37503952361400034,2.144659499315172,1.7177766192277801,2.4461212581942187,2.0746101121020213,8,1.282267605825976,65.77703857421875,43.55192199707031,84.72779052734374
20111024/F5902/spec-55859-F5902_sp01-002.fits.gz,101002,F5902,1,2,55858,332.471576,-2.085015,3.84,20.02,STAR,K7,3699.986328125,9097.0400390625,3908,,,,,-0.9331535678047743,7.637798797116953,8.18806770926631,0.7963245252268958,4,0.2038150185697186,47.4404296875,22.005212478637695,54.52877578735352
20111024/F5902/spec-55859-F5902_sp01-052.fits.gz,101052,F5902,1,52,55858,331.730088,-1.296553,13.93,39.78,STAR,dM0,3699.986328125,9097.0400390625,3908,,3.291037114144571,8.52607521898415,-1.7153047920393019,-1.729772861099614,4.326089715612522,11.092409583157064,0.9995924851706123,7,0.3413756425630289,107.52873229980469,49.858786010742186,128.77828186035154
20111024/F5902/spec-55859-F5902_sp01-005.fits.gz,101005,F5902,1,5,55858,332.535456,-2.116436,8.08,16.76,STAR,G0,3699.986328125,9097.0400390625,3908,,0.3433205336823742,8.391336670113574,2.931200321110298,2.180858763039757,2.651214610875932,-0.06757865502968506,1.7921218011930697,7,1.2111395724462304,51.84603500366211,35.03662399291992,69.05422058105468
20111024/F5902/spec-55859-F5902_sp01-056.fits.gz,101056,F5902,1,56,55858,331.764592,-1.30776,14.51,23.52,STAR,G0,3699.986328125,9097.0400390625,3908,35.02829567897598,2.9545406363446762,8.295168818286589,3.730123390287214,2.041518396679906,2.879425071433365,3.080181054765881,2.176065519385998,8,1.3917698545908361,67.2304801940918,43.04325714111328,90.2176641845703
20111024/F5902/spec-55859-F5902_sp01-007.fits.gz,101007,F5902,1,7,55858,332.512558,-1.841408,0.24,1.57,STAR,dM4,3699.986328125,9097.0400390625,3908,,,,,,,,1.2530269136924357,1,,6.4060139656066895,-1.7377410316467286,17.552164001464842
20111024/F5902/spec-55859-F5902_sp01-057.fits.gz,101057,F5902,1,57,55858,331.672794,-1.549289,6.73,9.78,STAR,A6,3699.986328125,9097.0400390625,3908,14.653429960371485,9.957900498772297,-4.236334047137679,2.602724645722606,5.996698471339129,1.7010324611238072,1.2236086283104166,1.6061140807573555,8,1.8612435329209696,29.403590202331543,16.537534332275392,47.49875030517578
20111024/F5902/spec-55859-F5902_sp01-008.fits.gz,101008,F5902,1,8,55858,332.368745,-1.955771,20.64,37.99,STAR,F9,3699.986328125,9097.0400390625,3908,41.55376818129603,0.7456278240094526,11.73704028368849,1.064790310929015,2.181878754060417,4.0157245584476104,2.081312132172162,1.7065367604990744,8,1.207586481217848,124.09778594970703,76.52311065673828,168.43364135742186
20111024/F5902/spec-55859-F5902_sp01-060.fits.gz,101060,F5902,1,60,55858,331.698572,-1.353523,10.59,17.06,STAR,A9,3699.986328125,9097.0400390625,3908,23.88843594180135,3.0072552290609607,1.9479879461345362,4.907675902843342,3.3563154822989927,0.4660200063980575,2.5278276001443207,2.257554160806732,8,1.5395272645890745,53.88509178161621,33.76581787109375,75.94507385253905
20111024/F5902/spec-55859-F5902_sp01-009.fits.gz,101009,F5902,1,9,55858,332.206665,-1.868653,12.63,25.05,STAR,G0,3699.986328125,9097.0400390625,3908,30.942422214399627,0.7501661938972584,7.92040798787066,2.458194465968365,2.4511968591366444,2.8935144320197015,1.6834339405096999,1.9394088840777002,8,1.2834513733290374,73.20884323120117,45.95378952026367,97.4789288330078
20111024/F5902/spec-55859-F5902_sp01-066.fits.gz,101066,F5902,1,66,55858,331.864716,-1.594364,19.87,52.76,STAR,K5,3699.986328125,9097.0400390625,3908,,2.3084408750607452,15.708300585404162,-1.0993337555015765,1.3524879567953336,7.137983019646381,8.643555388590926,0.8501799134503234,7,0.3381739300036466,153.29444122314453,71.5196694946289,177.8015606689453
20111024/F5902/spec-55859-F5902_sp01-012.fits.gz,101012,F5902,1,12,55858,332.37844,-2.064403,0.67,2.09,STAR,G7,3699.986328125,9097.0400390625,3908,,,,,,,,0.4654054698401293,1,0.4310037844013844,5.255417346954346,1.132917423248291,8.567741165161133
20111024/F5902/spec-55859-F5902_sp01-067.fits.gz,101067,F5902,1,67,55858,331.815523,-1.616914,2.74,9.64,STAR,K3,3699.986328125,9097.0400390625,3908,,,,,1.2165820251702115,5.042238480618278,1.5944304617868996,1.6819517240393733,4,0.7123778123714392,18.294700622558594,13.85190658569336,23.059067459106444
20111024/F5902/spec-55859-F5902_sp01-013.fits.gz,101013,F5902,1,13,55858,332.321523,-2.122024,5.56,8.79,STAR,A2,3699.986328125,9097.0400390625,3908,8.234239758738296,5.782046196750618,-9.514523369393775,13.251240628247507,8.251510067859988,1.2098821921019078,0.18936898289892132,1.5392785262773838,8,3.092005276040218,23.66438388824463,9.873719482421874,54.4191438293457
20111024/F5902/spec-55859-F5902_sp01-068.fits.gz,101068,F5902,1,68,55858,331.85317,-1.379425,0.49,3.04,STAR,dM2,3699.986328125,9097.0400390625,3908,,,,,,,19.37020750031647,0.5792610638763351,2,0.03292582743831926,8.553925037384033,0.8731193709373474,21.882786102294922
20111024/F5902/spec-55859-F5902_sp01-014.fits.gz,101014,F5902,1,14,55858,332.289517,-2.135323,1.99,5.92,STAR,K5,3699.986328125,9097.0400390625,3908,,,,,0.8455040752556848,3.018086101612612,6.256689974397238,0.8442332479987213,4,0.5267949914862355,12.253947257995605,7.5767546653747555,16.817626266479493
20111024/F5902/spec-55859-F5902_sp01-069.fits.gz,101069,F5902,1,69,55858,331.74759,-1.25199,1.13,3.43,GALAXY,Non,3699.986328125,9097.0400390625,3908,,,,,-2.8099236365184095,-0.35145384214150277,,0.26650569192579737,3,0.3972423556687475,9.220884323120117,3.9467814445495604,12.084363899230956
20111024/F5902/spec-55859-F5902_sp01-016.fits.gz,101016,F5902,1,16,55858,332.348725,-2.136096,31.76,66.01,STAR,K3,3699.986328125,9097.0400390625,3908,45.544245352634135,0.5460227812501298,17.31281271310951,0.3663621715983077,0.7578555816027704,7.193239510276813,5.191624707317573,1.2165848791691074,8,0.6578195790473729,233.78487396240234,160.7192822265625,281.299677734375
20111024/F5902/spec-55859-F5902_sp01-070.fits.gz,101070,F5902,1,70,55858,331.931791,-1.410609,1.12,3.3,STAR,A2,3699.986328125,9097.0400390625,3908,,,,,3.70742526660202,1.7070305801552026,-1.2141973476001169,1.8964894759255797,4,0.7696889287150507,6.972880601882935,4.046919689178467,11.091503829956054
20111024/F5902/spec-55859-F5902_sp01-017.fits.gz,101017,F5902,1,17,55858,332.444417,-1.924046,24.14,40.95,STAR,G0,3699.986328125,9097.0400390625,3908,32.40787651520869,1.9117439126452689,7.379353684610881,1.9933355252555336,2.779685613060163,2.506691080013884,1.5761123158391968,2.0566689714628796,8,1.4273486083125067,152.52942657470703,93.53799133300781,206.72564208984375
20111024/F5902/spec-55859-F5902_sp01-071.fits.gz,101071,F5902,1,71,55858,331.807685,-1.163368,2.87,6.0,STAR,A7,3699.986328125,9097.0400390625,3908,,1.879682789464204,-0.5478311502956624,,2.003715801391291,-2.7797251215546477,-0.12831407779332468,2.7020787780655917,6,1.7996450038522163,16.07420253753662,10.186669960021973,26.979357681274408
20111024/F5902/spec-55859-F5902_sp01-018.fits.gz,101018,F5902,1,18,55858,332.273219,-1.954359,1.38,4.21,STAR,A9,3699.986328125,9097.0400390625,3908,59.28596449329291,,,,,6.2132152725551,0.3586110227120867,-0.557117762635179,4,0.7345219092000405,8.36290168762207,4.947883987426758,13.701411781311034
20111024/F5902/spec-55859-F5902_sp01-073.fits.gz,101073,F5902,1,73,55858,331.885679,-1.197079,25.41,34.5,STAR,A7,3699.986328125,9097.0400390625,3908,12.575372771121216,3.194142757688766,0.9435938580657591,4.213816680948234,3.2147065966187447,1.017117648201729,1.6664204540446323,2.5723870294770266,8,2.0514647226478084,114.6910285949707,65.57236206054688,194.8363897705078
20111024/F5902/spec-55859-F5902_sp01-019.fits.gz,101019,F5902,1,19,55858,332.216383,-2.158762,2.34,4.46,STAR,A2,3699.986328125,9097.0400390625,3908,,,,2.86388393107077,4.451850027541319,-2.658637193018029,-1.817982537725564,1.7393909583466944,5,2.993595542429443,7.764170408248901,3.0092896175384523,19.157916030883786
20111024/F5902/spec-55859-F5902_sp01-076.fits.gz,101076,F5902,1,76,55858,332.160763,-1.62549,1.66,2.23,STAR,WD,3699.986328125,9097.0400390625,3908,,,-14.245106144587574,,-1.786911418855719,0.8713751249604895,,-0.683936314826251,4,1.849143624406172,5.379757642745972,2.791909694671631,10.828528022766113
20111024/F5902/spec-55859-F5902_sp01-020.fits.gz,101020,F5902,1,20,55858,332.222379,-1.987626,23.38,38.51,STAR,F6,3699.986328125,9097.0400390625,3908,19.13471072187828,2.2682158864844135,4.735484470669738,1.5658215119431282,3.0190139137197636,1.9190798752966503,1.844923049858163,2.0300297887280387,8,1.453295104394879,133.45306396484375,87.4053646850586,184.90018615722656
20111024/F5902/spec-55859-F5902_sp01-077.fits.gz,101077,F5902,1,77,55858,332.081365,-1.614188,8.54,17.95,STAR,F0,3699.986328125,9097.0400390625,3908,20.054680930587363,-0.16910825531065948,-0.4507169919908225,4.540434419972111,2.9390261797736668,-0.05525849574807681,1.3176286791596246,2.285701331638849,8,1.2943921568152312,48.723167419433594,31.657401962280275,63.363168945312495
20111024/F5902/spec-55859-F5902_sp01-021.fits.gz,101021,F5902,1,21,55858,332.351381,-1.809333,42.75,66.5,STAR,F5,3699.986328125,9097.0400390625,3908,21.39071158290918,3.426828493929029,3.9270822713846405,3.403580957020074,3.532090159400612,1.1047222821017038,0.6693521408197612,2.383086146509635,8,1.9691298589418005,302.8884582519531,154.84243591308595,478.69094848632807
20111024/F5902/spec-55859-F5902_sp01-078.fits.gz,101078,F5902,1,78,55858,332.170828,-1.875712,3.07,7.4,STAR,G4,3699.986328125,9097.0400390625,3908,,1.1426415236593443,13.751687601899858,-1.553643881459732,1.0573301790596423,1.1898053891887699,3.39488739674092,1.4657392028689344,7,1.1287992419913537,19.29158306121826,14.377337188720704,25.5143911743164
20111024/F5902/spec-55859-F5902_sp01-023.fits.gz,101023,F5902,1,23,55858,332.506374,-2.0169,17.39,32.19,STAR,G3,3699.986328125,9097.0400390625,3908,41.52359626381267,1.9693997506844907,12.47481390816559,1.6353877987258432,2.705829467507206,3.1663057617146584,1.1366159443819883,1.8362787783458323,8,1.3747103759489498,95.69498443603516,58.27118499755859,134.99604858398436
20111024/F5902/spec-55859-F5902_sp01-079.fits.gz,101079,F5902,1,79,55858,332.234112,-1.55206,18.13,39.2,STAR,K3,3699.986328125,9097.0400390625,3908,44.23343080695347,2.1763127544179883,17.174625622302855,-0.9001898424285572,1.4589235582723756,5.775724769904485,6.007872131592152,1.2592858727192173,8,0.6690333703920471,101.88720703125,71.97496398925782,122.7510140991211
20111024/F5902/spec-55859-F5902_sp01-024.fits.gz,101024,F5902,1,24,55858,332.244417,-1.919848,7.21,24.11,STAR,K5,3699.986328125,9097.0400390625,3908,,,,4.344989854507035,-0.8025761094069394,6.315965042335794,6.14006246682852,0.5976136335993589,5,0.5628913515156394,50.93522644042969,38.03515991210938,62.19622100830078
20111024/F5902/spec-55859-F5902_sp01-080.fits.gz,101080,F5902,1,80,55858,332.015808,-1.712806,10.25,24.6,STAR,G7,3699.986328125,9097.0400390625,3908,51.872658591217125,4.009021134038668,7.957466569599166,0.35744906775441226,1.412564925580264,5.244902012023536,3.6704741185860685,1.4554777808196975,8,0.6969203414659862,66.45880126953125,48.67885848999023,73.2595751953125
20111024/F5902/spec-55859-F5902_sp01-026.fits.gz,101026,F5902,1,26,55858,331.551234,-1.684356,38.23,78.15,STAR,F9,3699.986328125,9097.0400390625,3908,34.37908457313543,0.4468592901246855,13.342027662315283,2.2824165705118875,3.189846991393464,3.0365383295449315,2.0667806630373575,2.113904083606087,8,1.005576054136146,336.3749542236328,221.93664733886717,426.26483764648435
20111024/F5902/spec-55859-F5902_sp01-082.fits.gz,101082,F5902,1,82,55858,332.269648,-1.676186,1.44,3.11,STAR,G0,3699.986328125,9097.0400390625,3908,,,,1.6909937329076479,,2.372984430427012,-2.3319795427931633,2.049833379732143,4,1.4101265779012575,5.903335809707642,3.3871996879577635,10.662150382995602
20111024/F5902/spec-55859-F5902_sp01-027.fits.gz,101027,F5902,1,27,55858,331.768314,-1.914492,42.01,63.52,STAR,G0,3699.986328125,9097.0400390625,3908,29.477472925648414,2.8158043589913713,8.177435474239136,2.321409086930627,2.986033745371469,2.0406151213894637,1.2875697836799778,2.011942026062784,8,2.0337473363377376,265.8691864013672,133.14807250976563,430.28807495117184
20111024/F5902/spec-55859-F5902_sp01-084.fits.gz,101084,F5902,1,84,55858,332.222647,-1.748365,1.03,3.11,STAR,K5,3699.986328125,9097.0400390625,3908,,,,,,8.643199163432163,9.490255979540953,0.2645391169183063,3,0.20744669334139826,7.696508169174194,3.4134788513183594,10.043825912475585
20111024/F5902/spec-55859-F5902_sp01-028.fits.gz,101028,F5902,1,28,55858,331.621652,-1.611435,29.86,60.95,STAR,F9,3699.986328125,9097.0400390625,3908,32.02403826588982,0.29221899052521494,11.370383153476528,2.4173112489125974,2.4863163741671026,3.1559145041430763,2.3391461157234166,1.8659072196914692,8,0.9694071035108219,203.71796417236328,142.0300244140625,251.169482421875
20111024/F5902/spec-55859-F5902_sp01-085.fits.gz,101085,F5902,1,85,55858,332.264474,-1.519172,7.03,11.6,STAR,G2,3699.986328125,9097.0400390625,3908,59.171290132617536,3.6329553856096046,7.558428046299347,-1.4962581393237053,2.7140016962505324,3.8012944847760077,2.9884652760233936,1.194577578194641,8,1.2987995526114726,33.65447807312012,22.464502029418945,44.82265594482421
20111024/F5902/spec-55859-F5902_sp01-029.fits.gz,101029,F5902,1,29,55858,331.77234,-1.830517,47.32,84.69,STAR,G0,3699.986328125,9097.0400390625,3908,29.144039244285448,2.672785860352119,8.051674738206687,2.048605743966998,2.937302464523919,2.032082817081456,1.7438182475885773,2.2224300913513315,8,1.2044538720741622,372.33628845214844,254.57804443359376,449.17566772460935
20111024/F5902/spec-55859-F5902_sp01-086.fits.gz,101086,F5902,1,86,55858,332.10066,-1.693036,3.82,7.82,STAR,A9,3699.986328125,9097.0400390625,3908,,9.278882246517258,2.334332292540764,-3.710609243607734,1.7740038057679632,1.6739335569364897,3.0406171183416424,0.9687604434795929,7,1.317182969372385,20.7503719329834,14.204775428771972,27.936196670532226
20111024/F5902/spec-55859-F5902_sp01-030.fits.gz,101030,F5902,1,30,55858,331.65689,-1.748874,15.1,35.77,STAR,G9,3699.986328125,9097.0400390625,3908,35.2080326992361,3.5745702403099067,13.80381119825622,-1.228242192193941,2.076631657333074,6.389498856334496,3.698815831767129,0.8798978597049031,8,0.734141734700813,102.48017883300781,75.39328216552734,117.97246032714844
20111024/F5902/spec-55859-F5902_sp01-090.fits.gz,101090,F5902,1,90,55858,332.374419,-1.657553,2.58,13.05,STAR,dM0,3699.986328125,9097.0400390625,3908,,,,,-2.277260231977094,4.096909284418452,7.407175052671866,0.25424853198107217,4,0.26832464663529754,30.070629119873047,11.729712715148926,43.62259246826171
20111024/F5902/spec-55859-F5902_sp01-032.fits.gz,101032,F5902,1,32,55858,331.753596,-1.687064,16.03,48.53,STAR,K5,3699.986328125,9097.0400390625,3908,,2.2654283968623514,14.442034930332998,0.14665058261572278,0.026990279130301213,7.217098517410576,7.1309754180915075,0.9595557042447319,7,0.32756172254548094,144.5302505493164,67.52655456542969,164.73057983398436
20111024/F5902/spec-55859-F5902_sp01-091.fits.gz,101091,F5902,1,91,55858,332.290153,-1.711076,0.57,1.62,STAR,dM2,3699.986328125,9097.0400390625,3908,,,,,,,,-0.6373098147474487,1,0.8587220996580878,5.185861110687256,0.4193175745010377,9.206269226074218
20111024/F5902/spec-55859-F5902_sp01-033.fits.gz,101033,F5902,1,33,55858,331.721996,-1.8405,38.08,80.45,STAR,G7,3699.986328125,9097.0400390625,3908,35.085883795731355,1.1668762797924281,12.90161065096509,0.10686045550302406,2.2101496704052512,4.726915296499355,2.828651950116937,1.3971421019335444,8,0.7764972842096622,310.64903259277344,227.9714141845703,354.83633300781247
20111024/F5902/spec-55859-F5902_sp01-092.fits.gz,101092,F5902,1,92,55858,332.134183,-1.768805,21.56,56.92,STAR,K3,3699.986328125,9097.0400390625,3908,27.487271075522,0.7265025708023168,11.846584752184757,-0.2963093937664328,0.6597303767692722,4.7491278551230085,2.8261635800001454,-0.004840905790073547,8,0.6359473373096292,131.0781021118164,0.11348893642425537,161.51153259277342
20111024/F5902/spec-55859-F5902_sp01-034.fits.gz,101034,F5902,1,34,55858,331.916822,-1.782592,37.36,77.51,STAR,G6,3699.986328125,9097.0400390625,3908,37.42546680213357,0.48444934924031535,13.67079987233158,0.5111020567782448,1.6504255112409862,3.107640302568907,1.7517481434651245,1.393473491621086,8,0.7892025597373675,286.46461486816406,213.64345764160157,329.99294433593747
20111024/F5902/spec-55859-F5902_sp01-093.fits.gz,101093,F5902,1,93,55858,332.300352,-1.566708,38.06,51.02,STAR,F7,3699.986328125,9097.0400390625,3908,27.42313279615918,2.7203656609903617,7.327632995657634,3.4291979205321748,3.4381321834352927,1.2429152911691037,1.3116957192333278,,7,1.3417926350711125,238.88553619384766,0.0,303.00920166015624
20111024/F5902/spec-55859-F5902_sp01-035.fits.gz,101035,F5902,1,35,55858,331.645975,-1.725951,9.69,32.61,STAR,K5,3699.986328125,9097.0400390625,3908,,5.379794259450602,10.492543931747818,-0.44738608648248906,0.8858041517359811,7.147382052548196,7.7464875461986855,0.8443700655513311,7,0.41833397552171026,86.28878021240234,49.516347045898435,97.05442565917969
20111024/F5902/spec-55859-F5902_sp01-094.fits.gz,101094,F5902,1,94,55858,331.967364,-1.606308,9.45,-9999.0,STAR,K7,3699.986328125,9097.0400390625,3908,,1.9842034977095122,8.232837704507267,-0.5323665774985481,0.8118316003319,6.073417928613538,,,5,,76.42468643188477,13.335296745300294,109.99333282470702
20111024/F5902/spec-55859-F5902_sp01-036.fits.gz,101036,F5902,1,36,55858,331.91573,-1.804262,0.27,1.05,QSO,Non,3699.986328125,9097.0400390625,3908,,,,,,,,,0,0.6039493587863869,1.601597785949707,-0.842680287361145,4.665753574371335
20111024/F5902/spec-55859-F5902_sp01-095.fits.gz,101095,F5902,1,95,55858,332.17524,-1.524295,2.58,8.86,STAR,K5,3699.986328125,9097.0400390625,3908,,,,,0.0179815246183816,5.001627923852421,13.141075942829001,0.02665083648629714,4,0.2530868555280157,19.484200477600098,9.988243446350097,24.45231086730957
20111024/F5902/spec-55859-F5902_sp01-038.fits.gz,101038,F5902,1,38,55858,331.777682,-1.699308,8.52,23.69,STAR,G9,3699.986328125,9097.0400390625,3908,51.3374060726321,-4.4183636116445335,13.971448167470033,-1.3753933303761665,1.05111778108649,6.105302749269772,3.8481283170273284,0.902845255258812,8,0.6849522975502013,53.37730598449707,38.56701721191406,64.55893280029296
20111024/F5902/spec-55859-F5902_sp01-097.fits.gz,101097,F5902,1,97,55858,332.33224,-1.841368,5.61,12.12,STAR,F9,3699.986328125,9097.0400390625,3908,,2.91361061027474,7.637853541202754,-0.6861233218030586,3.247274715449225,3.1498087223195084,3.158184907032363,1.9179970957234411,7,1.0879156206297735,30.816064834594727,19.89203453063965,41.392717590332026
20111024/F5902/spec-55859-F5902_sp01-040.fits.gz,101040,F5902,1,40,55858,331.93235,-1.64398,6.68,14.03,STAR,F6,3699.986328125,9097.0400390625,3908,35.21024306335552,2.502128819994604,-0.30626075526727964,0.4580121236043125,3.3774101834270827,1.9985707700376383,1.0330996095008436,1.5454451621981355,8,1.4756564790220954,34.0151481628418,22.597003707885744,48.46106842041015
20111024/F5902/spec-55859-F5902_sp01-099.fits.gz,101099,F5902,1,99,55858,332.186879,-1.631091,1.73,6.86,STAR,dM2,3699.986328125,9097.0400390625,3908,,,,-8.924236803623455,6.219280871530954,1.4259898715270047,17.584969895363713,0.7498875503373309,5,0.06263746863918826,18.906338691711426,6.356436138153076,58.27630569458007
20111024/F5902/spec-55859-F5902_sp01-041.fits.gz,101041,F5902,1,41,55858,331.755536,-1.774434,32.83,63.73,STAR,G2,3699.986328125,9097.0400390625,3908,38.65710938937671,1.7850758485861236,9.208693063476456,2.3455528894145434,2.929074089126859,2.6888427866761235,2.0107928042629135,2.3720250197906356,8,0.8911182471741032,226.6105499267578,167.17663635253905,257.6707434082031
