band,param,n,spearman
CaK,teff,2106,-0.7231715104398525
CaK,logg,2106,0.38059070683672114
CaK,feh,2106,0.40675416143695703
Hd,teff,2432,0.5849528137075062
Hd,logg,2432,-0.291464824019492
Hd,feh,2432,-0.23054479322974514
Gband,teff,2452,-0.824500151472949
Gband,logg,2452,0.516356897045654
Gband,feh,2452,0.45602075802575426
Hg,teff,2456,0.7865370905940335
Hg,logg,2456,-0.4142034565854905
Hg,feh,2456,-0.18479691833450979
Hb,teff,2456,0.9262451186491913
Hb,logg,2456,-0.45351422466800645
Hb,feh,2456,-0.18229923379133148
Mgb,teff,2456,-0.8607039139526643
Mgb,logg,2456,0.6800520845817298
Mgb,feh,2456,0.4293499283968726
NaD,teff,2449,-0.6469451553227469
NaD,logg,2449,0.5414464940562131
NaD,feh,2449,0.39158024379244105
Ha,teff,2454,0.8566335592214824
Ha,logg,2454,-0.43045375769820843
Ha,feh,2454,-0.2024017949860367
